{
  "admins": [
    {
      "name": "Socrates Editado",
      "email": "admin@outlet.com",
      "password": "password",
      "id": "ff15"
    },
    {
      "id": "00e5",
      "name": "Aristóteles",
      "email": "aristoteles@gmail.com",
      "password": "password"
    },
    {
      "id": "9f33",
      "name": "Platón",
      "email": "platon@gmail.com",
      "password": "password"
    },
    {
      "name": "Jose María Vargas Vila",
      "email": "jose@gmail.com",
      "password": "password",
      "id": "7136"
    },
    {
      "id": "6221",
      "name": "Juan",
      "email": "Juan@gmail.com",
      "password": "password"
    }
  ],
  "brands": [
    {
      "name": "Totto",
      "local": "127",
      "floor": "1",
      "schedule": "Lunes - sábado: 10:00 a.m - 7:00 p.m            Domingos y festivos: 10:00 a.m - 6:00 p.m",
      "website": "https://www.co.totto.com",
      "description": "Encuentra en Totto morrales, maletas de viaje, ropa para toda la familia. Encuentra también accesorios como guantes, gorras, gafas de sol y relojes con ofertas todo el año.",
      "logo": "https://i.ibb.co/j4LGSpH/totto-medellin.jpg",
      "id": "ff16"
    },
    {
      "name": "Branchos",
      "local": "135",
      "floor": "1",
      "schedule": "Lunes - sábado: 10:00 a.m - 7:00 p.m            Domingos y festivos: 10:00 a.m - 6:00 p.m",
      "website": "www.tiendasbranchos.com",
      "description": "Tienda multimarca que ofrece productos deportivos de Nike, Adidas, Fila, Puma, Treme, Under Armour, Skechers, entre otros para toda la familia: tenis, camisetas, sudaderas, lycras, shorts, medias, guantes, gorras de las mejores marcas siempre a los precios más bajos.",
      "logo": "https://i.ibb.co/gjH38M0/logo-branchos-1.jpg",
      "id": "gg56"
    },
    {
      "id": "tr85",
      "name": "Koaj",
      "local": "129",
      "floor": "1",
      "schedule": [
        "Lunes - sábado: 10:00 a.m - 7:00 p.m            Domingos y festivos: 10:00 a.m - 6:00 p.m"
      ],
      "logo": "https://i.ibb.co/2d9nQVn/logo-koaj.jpg",
      "website": "www.koaj.co",
      "description": "Tienda especializada en moda para hombre y mujer. Encuentra buzos deportivos, chaquetas, camisas, camisetas, jeans, tenis deportivos y casuales, joggers, faldas y tops."
    },
    {
      "id": "0888",
      "name": "Mimos",
      "local": "136",
      "floor": "1",
      "schedule": "Lunes - sábado: 10:00 a.m. - 7:00 p.m.      \tDomingos y festivos: 10:00 a.m. - 6:00 p.m.",
      "website": "www.mimos.com.co",
      "description": "Helados",
      "logo": "https://i.ibb.co/fSdSX62/logo-mimos.jpg"
    }
  ],
  "pqrs": [
    {
      "id": "ff17",
      "type": "Sugerencia",
      "email": "robinson.cortes@riwi.io",
      "message": "Lorem ipsum dolor, sit amet consectetur adipisicing elit. Debitis illo totam accusantium."
    }
  ]
}